INSERT INTO genres (name) VALUES ('Fantascienza');
INSERT INTO genres (name) VALUES ('Azione');
INSERT INTO genres (name) VALUES ('Avventura');
INSERT INTO genres (name) VALUES ('Animazione');
INSERT INTO genres (name) VALUES ('Famiglia');
INSERT INTO genres (name) VALUES ('Horror');
INSERT INTO genres (name) VALUES ('Thriller');
INSERT INTO genres (name) VALUES ('Mistero');
INSERT INTO genres (name) VALUES ('Dramma');
INSERT INTO genres (name) VALUES ('Fantasy');
INSERT INTO genres (name) VALUES ('Romance');
INSERT INTO people (id, name, profile_image) VALUES ('0', 'Tom Hardy', 'd81K0RH8UX7tZj49tZaQhZ9ewH.jpg');
INSERT INTO people (id, name, profile_image) VALUES ('1', 'Chiwetel Ejiofor', 'kq5DDnqqofoRI0t6ddtRlsJnNPT.jpg');
INSERT INTO people (id, name, profile_image) VALUES ('2', 'Juno Temple', 'wMpZcKp7zaHnmNQooqbve33577Q.jpg');
INSERT INTO people (id, name, profile_image) VALUES ('3', 'Clark Backo', 'd24KKFxfoql6PBsBPsejFgzhSlH.jpg');
INSERT INTO people (id, name, profile_image) VALUES ('4', 'Rhys Ifans', '1D670EEsbky3EtO7XLG32A09p92.jpg');
INSERT INTO people (id, name, profile_image) VALUES ('5', 'Stephen Graham', 'hRq4Rq8IbLL4nGCu11N5ePESdI6.jpg');
INSERT INTO people (id, name, profile_image) VALUES ('6', 'Peggy Lu', 'ng5eaDcOf9kSwIYGNmwF9wEfIHp.jpg');
INSERT INTO people (id, name, profile_image) VALUES ('7', 'Alanna Ubach', 'ffyBAEoW3bDgVJQV3GaHsZ9x29W.jpg');
INSERT INTO people (id, name, profile_image) VALUES ('8', 'Hala Finley', 'cVLLrES860YANUMzJUo20HUR7TI.jpg');
INSERT INTO people (id, name, profile_image) VALUES ('9', '达什·麦克劳德', '8WmRoUrM5S7rA0TVSdKGOSh9uq8.jpg');
INSERT INTO people (id, name, profile_image) VALUES ('10', 'Avi Arad', 'cxmqw0anGfxC7RwUNQj3EwhX9pP.jpg');
INSERT INTO people (id, name, profile_image) VALUES ('11', 'Matt Tolmach', '8mniHJVwoJdVpwxW278yJwz8c1T.jpg');
INSERT INTO people (id, name, profile_image) VALUES ('12', 'Kelly Marcel', 'thpdVW7O1975GcA3eNs1H8UIlmd.jpg');
INSERT INTO people (id, name, profile_image) VALUES ('13', 'Hutch Parker', 'zbD6YCP2DahJEmpjUPWdExYWa79.jpg');
INSERT INTO people (id, name, profile_image) VALUES ('14', 'Amy Pascal', 'texxoBV4naFHyuSii6jyxlfuEvK.jpg');
INSERT INTO people (id, name, profile_image) VALUES ('15', 'Lupita Nyong''o', 'y40Wu1T742kynOqtwXASc5Qgm49.jpg');
INSERT INTO people (id, name, profile_image) VALUES ('16', 'Pedro Pascal', '9VYK7oxcqhjd5LAH6ZFJ3XzOlID.jpg');
INSERT INTO people (id, name, profile_image) VALUES ('17', 'Kit Connor', 'gCIdbnV9D3lzTaOB0YtuKDz6Nt0.jpg');
INSERT INTO people (id, name, profile_image) VALUES ('18', 'Bill Nighy', 'ixFI2YCGNGJfwlpI8iyhvVZRg8C.jpg');
INSERT INTO people (id, name, profile_image) VALUES ('19', 'Stephanie Hsu', '8gb3lfIHKQAGOQyeC4ynQPsCiHr.jpg');
INSERT INTO people (id, name, profile_image) VALUES ('20', 'Matt Berry', '7a1sWg1W7ZmNF8bLSnyAlJgQQGD.jpg');
INSERT INTO people (id, name, profile_image) VALUES ('21', 'Ving Rhames', '4gpLVNKPZlVucc4fT2fSZ7DksTK.jpg');
INSERT INTO people (id, name, profile_image) VALUES ('22', 'Mark Hamill', '2ZulC2Ccq1yv3pemusks6Zlfy2s.jpg');
INSERT INTO people (id, name, profile_image) VALUES ('23', 'Catherine O''Hara', 'cMBxHeztNVc8YXKcj084Mdd3f3U.jpg');
INSERT INTO people (id, name, profile_image) VALUES ('24', 'Boone Storm', NULL);
INSERT INTO people (id, name, profile_image) VALUES ('25', 'Chris Sanders', '6CtrIOCxggJ5eIAWeFQqd4Hs9FP.jpg');
INSERT INTO people (id, name, profile_image) VALUES ('26', 'Jeff Hermann', NULL);
INSERT INTO people (id, name, profile_image) VALUES ('27', 'Lauren LaVera', 'qJYWq2oZcvHh7lnGskxkrYXCom0.jpg');
INSERT INTO people (id, name, profile_image) VALUES ('28', 'David Howard Thornton', '9nYijs4ACzjg93zKezLiLmuRGvp.jpg');
INSERT INTO people (id, name, profile_image) VALUES ('29', 'Samantha Scaffidi', 'jwd0XXuc4ibXAXjOxmhsFP0fQEO.jpg');
INSERT INTO people (id, name, profile_image) VALUES ('30', 'Elliott Fullam', 'dNsFLihmWfA2KCENbZCtq9AjSob.jpg');
INSERT INTO people (id, name, profile_image) VALUES ('31', 'Margaret Anne Florence', 'c2EqBueLCrn6XEnmfutylUd1icl.jpg');
INSERT INTO people (id, name, profile_image) VALUES ('32', 'Bryce Johnson', 'iyHjMvKijZZDVZkK681JAio4nAh.jpg');
INSERT INTO people (id, name, profile_image) VALUES ('33', 'Alexa Blair Robertson', 'zwTs9vDLKtvtxZztiH6gYUfK5MC.jpg');
INSERT INTO people (id, name, profile_image) VALUES ('34', 'Antonella Rose', 'sdqM1qQEjRuo460AuUOjFAH7kCm.jpg');
INSERT INTO people (id, name, profile_image) VALUES ('35', 'Mason Mecartea', 'jkbpjqRFBmAaGILnDiqpnPj0qty.jpg');
INSERT INTO people (id, name, profile_image) VALUES ('36', 'Krsy Fox', '6bRT5c4MoP7yP3yza5HFdV9ajra.jpg');
INSERT INTO people (id, name, profile_image) VALUES ('37', 'Phil Falcone', 'qXYkKPImDiwG5VmZVIHCfO2Pqu3.jpg');
INSERT INTO people (id, name, profile_image) VALUES ('38', 'Damien Leone', 'nX2kkYD32x2PC9rRU7DrYCRPjFE.jpg');
INSERT INTO people (id, name, profile_image) VALUES ('39', 'Paul Mescal', 'vrzZ41TGNAFgfmZjC2sOJySzBLd.jpg');
INSERT INTO people (id, name, profile_image) VALUES ('40', 'Denzel Washington', 'jj2Gcobpopokal0YstuCQW0ldJ4.jpg');
INSERT INTO people (id, name, profile_image) VALUES ('41', 'Connie Nielsen', 'lvQypTfeH2Gn2PTbzq6XkT2PLmn.jpg');
INSERT INTO people (id, name, profile_image) VALUES ('42', 'Joseph Quinn', 'zshhuioZaH8S5ZKdMcojzWi1ntl.jpg');
INSERT INTO people (id, name, profile_image) VALUES ('43', 'Fred Hechinger', 'dLFy4KFR556j4Z9WstsslhJCwyZ.jpg');
INSERT INTO people (id, name, profile_image) VALUES ('44', 'Lior Raz', 'bl3KLFUQ4Q0zC9lCU4qP1Jf4qHS.jpg');
INSERT INTO people (id, name, profile_image) VALUES ('45', 'Derek Jacobi', 'htc4eCYmNlVotcu8AFTbDiLBzsJ.jpg');
INSERT INTO people (id, name, profile_image) VALUES ('46', 'Peter Mensah', 't94TFc6f71AUmZFqdaQfjr7LTRp.jpg');
INSERT INTO people (id, name, profile_image) VALUES ('47', 'Matt Lucas', '2OhGLJqiknaWlbTkG2KDwT935km.jpg');
INSERT INTO people (id, name, profile_image) VALUES ('48', 'Michael A. Pruss', NULL);
INSERT INTO people (id, name, profile_image) VALUES ('49', 'David Franzoni', 'uNDu3nnt5HCxuSxWAlDWrzQfWSz.jpg');
INSERT INTO people (id, name, profile_image) VALUES ('50', 'Ridley Scott', 'zABJmN9opmqD4orWl3KSdCaSo7Q.jpg');
INSERT INTO people (id, name, profile_image) VALUES ('51', 'Douglas Wick', NULL);
INSERT INTO people (id, name, profile_image) VALUES ('52', 'Lucy Fisher', NULL);
INSERT INTO people (id, name, profile_image) VALUES ('53', 'Naomi Scott', '6OLe7TskbEvYpo36eITfX91VoCP.jpg');
INSERT INTO people (id, name, profile_image) VALUES ('54', 'Rosemarie DeWitt', '44sxIdGtYN24R14OmnZbCpcd8J8.jpg');
INSERT INTO people (id, name, profile_image) VALUES ('55', 'Lukas Gage', 'j7Zub5J9PgCnsfgEC5QCr160JtH.jpg');
INSERT INTO people (id, name, profile_image) VALUES ('56', 'Miles Gutierrez-Riley', '22JmiXEKoIHTKAdZaxOiS5wVHnM.jpg');
INSERT INTO people (id, name, profile_image) VALUES ('57', 'Peter Jacobson', 'pGi9CnzEG4cLa2viUP89yvlPCyR.jpg');
INSERT INTO people (id, name, profile_image) VALUES ('58', 'Ray Nicholson', 'f0MRbGIyTEJLJgHedJS8pRFhGn4.jpg');
INSERT INTO people (id, name, profile_image) VALUES ('59', 'Dylan Gelula', 'nqXd0gVNlma8knaykJh5ArXSYqy.jpg');
INSERT INTO people (id, name, profile_image) VALUES ('60', 'Raúl Castillo', 'mNGyFYRTbxjgUwsDKCdohm6o9g.jpg');
INSERT INTO people (id, name, profile_image) VALUES ('61', 'Kyle Gallner', 'wfdywrw6K3ti1uW1IYDWbUtU8se.jpg');
INSERT INTO people (id, name, profile_image) VALUES ('62', 'Drew Barrymore', '9xMu2GLC5otUcC11sEWC5aEAERQ.jpg');
INSERT INTO people (id, name, profile_image) VALUES ('63', 'Parker Finn', 'lw1I0voNLS2llYTlDgd6qZzAMZ6.jpg');
INSERT INTO people (id, name, profile_image) VALUES ('64', 'Marty Bowen', '4G0hk2Pvc9Au6WEdYBv7g2nN7mt.jpg');
INSERT INTO people (id, name, profile_image) VALUES ('65', 'Wyck Godfrey', 'tKoS0O3m1UROqeM9ZLLfbvgY6Vf.jpg');
INSERT INTO people (id, name, profile_image) VALUES ('66', 'Isaac Klausner', 'pjDFZlY2NdoqrnoiMiCB05bMz9y.jpg');
INSERT INTO people (id, name, profile_image) VALUES ('67', 'Robert Salerno', 'ihHJKi9VcCfX2xC5WdRXjwzflbm.jpg');
INSERT INTO people (id, name, profile_image) VALUES ('68', 'Cara Gee', '7CEwxz6S2JQBEPmwpB7Se1gXQAW.jpg');
INSERT INTO people (id, name, profile_image) VALUES ('69', 'Peter Mooney', 'q7t6QvWDodQFeTuGbmUWbLsB5o6.jpg');
INSERT INTO people (id, name, profile_image) VALUES ('70', 'Aaron Abrams', 'JBmN6Byyo1QSKIagjbCrTFX96I.jpg');
INSERT INTO people (id, name, profile_image) VALUES ('71', 'David Hewlett', 'hUcYyssAPCqnZ4GjolhOWXHTWSa.jpg');
INSERT INTO people (id, name, profile_image) VALUES ('72', 'Amanda Tapping', '8ZiETPxUFtgrtWL0LgMwPP8ytuK.jpg');
INSERT INTO people (id, name, profile_image) VALUES ('73', 'Adam Hurtig', 'sJ0RxYecZCJ5zybOsQjTedhMwp.jpg');
INSERT INTO people (id, name, profile_image) VALUES ('74', 'Sydney Sabiston', 'qyevjClUb3AXbOhswrD7MGGY3zd.jpg');
INSERT INTO people (id, name, profile_image) VALUES ('75', 'Jade Ma', NULL);
INSERT INTO people (id, name, profile_image) VALUES ('76', 'BJ Verot', 'z7w65HwJSR5AIosjJQiNqohyNt7.jpg');
INSERT INTO people (id, name, profile_image) VALUES ('77', 'Kristian Jordan', 'w7lJIlOV3gFZjSTej1fOeZRg63Z.jpg');
INSERT INTO people (id, name, profile_image) VALUES ('78', 'Adam Stern', NULL);
INSERT INTO people (id, name, profile_image) VALUES ('79', 'Cynthia Erivo', '4cpvSGrJg2hwddkTPMyDKj0c3O.jpg');
INSERT INTO people (id, name, profile_image) VALUES ('80', 'Ariana Grande', 'c97QCUcaycnMdasz7Ox25mv3DL1.jpg');
INSERT INTO people (id, name, profile_image) VALUES ('81', 'Jonathan Bailey', 'mZNzekZo8eaHMuXKgDTNLp0EvYM.jpg');
INSERT INTO people (id, name, profile_image) VALUES ('82', 'Michelle Yeoh', '1X64WNBSitgqUPcZXxMoIo7143W.jpg');
INSERT INTO people (id, name, profile_image) VALUES ('83', 'Jeff Goldblum', 'o3PahuK7OmCI0RAQUq38CUBWYZ9.jpg');
INSERT INTO people (id, name, profile_image) VALUES ('84', 'Ethan Slater', '3rHTuOEzvfW1LEFpjRPJk0GgUOC.jpg');
INSERT INTO people (id, name, profile_image) VALUES ('85', 'Marissa Bode', '3ZoBNPpXsM35HrGMkRxU9Ez5YR0.jpg');
INSERT INTO people (id, name, profile_image) VALUES ('86', 'Bowen Yang', 'lrebxaz4BGJucBW79cakZ0HsSa1.jpg');
INSERT INTO people (id, name, profile_image) VALUES ('87', 'Bronwyn James', 'clD8t9Oqu8mCTLsqjSTNWi6sSZC.jpg');
INSERT INTO people (id, name, profile_image) VALUES ('88', 'Keala Settle', 'aCYFAGXtO8zAk9e3wy2Kh8spLJq.jpg');
INSERT INTO people (id, name, profile_image) VALUES ('89', 'Marc Platt', 'AdhoMikWWe1vjar68fuvekURno2.jpg');
INSERT INTO people (id, name, profile_image) VALUES ('90', 'David Stone', 'qECU6jegWSXNtDMJo60VL43sknB.jpg');
INSERT INTO people (id, name, profile_image) VALUES ('91', 'Jon M. Chu', '8aQ6Ho2vjeu3tGkpF46LKBBZPki.jpg');
INSERT INTO people (id, name, profile_image) VALUES ('92', 'Demi Moore', 'gPgZSodybMFBodw7nKRTALONIr2.jpg');
INSERT INTO people (id, name, profile_image) VALUES ('93', 'Margaret Qualley', 'jStNyMj3acpLuH48awLVLqqlyaV.jpg');
INSERT INTO people (id, name, profile_image) VALUES ('94', 'Dennis Quaid', 'lMaDAJHzsKH7U3dln2B3kY3rOhE.jpg');
INSERT INTO people (id, name, profile_image) VALUES ('95', 'Edward Hamilton-Clark', 'q1EWL2z2xMcbf84TpOTqGs6Csxs.jpg');
INSERT INTO people (id, name, profile_image) VALUES ('96', 'Gore Abrams', 'bKMTqbl0FYlzIC6aTMKQZNAhhXK.jpg');
INSERT INTO people (id, name, profile_image) VALUES ('97', 'Oscar Lesage', '6yd3eODeuk0nuiFYbmLzpDTL5k2.jpg');
INSERT INTO people (id, name, profile_image) VALUES ('98', 'Christian Erickson', 'cpEzQNW1EsRmK8SMj4y5xwevXwM.jpg');
INSERT INTO people (id, name, profile_image) VALUES ('99', 'Robin Greer', 'ndu0tbz16mtOchMROcnJf2pPchg.jpg');
INSERT INTO people (id, name, profile_image) VALUES ('100', 'Tom Morton', 'aOdP4niQX4ckaFwPQmbf0mlYTC5.jpg');
INSERT INTO people (id, name, profile_image) VALUES ('101', 'Hugo Diego Garcia', 'mC0Aly8hHgNIYvZSa1SZmYU47pn.jpg');
INSERT INTO people (id, name, profile_image) VALUES ('102', 'Coralie Fargeat', '8TlTqFD5RnJGBxxzarpvygZlRXC.jpg');
INSERT INTO people (id, name, profile_image) VALUES ('103', 'Eric Fellner', '8fEalki5uMWg97FVDk3l2kvf2Dt.jpg');
INSERT INTO people (id, name, profile_image) VALUES ('104', 'Tim Bevan', 'nyeqZJr6QVwD3iuLgK5vRgIdcmP.jpg');
INSERT INTO people (id, name, profile_image) VALUES ('105', 'Chris Hemsworth', 'piQGdoIQOF3C1EI5cbYZLAW1gfj.jpg');
INSERT INTO people (id, name, profile_image) VALUES ('106', 'Brian Tyree Henry', '2MsJh0bpyzwvOUnXOltHp3j85Pb.jpg');
INSERT INTO people (id, name, profile_image) VALUES ('107', 'Scarlett Johansson', '6NsMbJXRlDZuDzatN2akFdGuTvx.jpg');
INSERT INTO people (id, name, profile_image) VALUES ('108', 'Keegan-Michael Key', 'xmdzYXP9j87a43FSiL138nLesuS.jpg');
INSERT INTO people (id, name, profile_image) VALUES ('109', 'Jon Hamm', 'mrXE5fZbEDPc7BEE5G21J6qrwzi.jpg');
INSERT INTO people (id, name, profile_image) VALUES ('110', 'Steve Buscemi', 'n0pZumkrcZrAPMoPq684RhYnjPV.jpg');
INSERT INTO people (id, name, profile_image) VALUES ('111', 'Laurence Fishburne', 'aBRISux1AGCqkFNTKHYfLcJunWA.jpg');
INSERT INTO people (id, name, profile_image) VALUES ('112', 'Vanessa Liguori', '9EkNTWHZ1U83XuQJ9VU9sldxI9g.jpg');
INSERT INTO people (id, name, profile_image) VALUES ('113', 'Jon Bailey', NULL);
INSERT INTO people (id, name, profile_image) VALUES ('114', 'Jason Konopisos-Alvarez', 'vWunN0rdthwvaX3FOj1tmQIMylD.jpg');
INSERT INTO people (id, name, profile_image) VALUES ('115', 'Aaron Dem', NULL);
INSERT INTO people (id, name, profile_image) VALUES ('116', 'Michael Bay', 'rkC7lei20x5xlFH4SivAXXBh6uR.jpg');
INSERT INTO people (id, name, profile_image) VALUES ('117', 'Tom DeSanto', NULL);
INSERT INTO people (id, name, profile_image) VALUES ('118', 'Don Murphy', 'xX9mLKLbsnYhdRMrdpK2ULJIe0s.jpg');
INSERT INTO people (id, name, profile_image) VALUES ('119', 'Lorenzo di Bonaventura', 'skMUk4eVV6e08mv31A48jdYpEPp.jpg');
INSERT INTO people (id, name, profile_image) VALUES ('120', 'Josh Cooley', 'eGN0vaFmKtqHu1nFi3Lv4roQ6P2.jpg');
INSERT INTO people (id, name, profile_image) VALUES ('121', 'Mark Vahradian', 'soKYRPi4hYTnVABGkAGCRGnU87J.jpg');
INSERT INTO people (id, name, profile_image) VALUES ('122', 'Aaron Eckhart', '6rI3cYhdxOaOFSRB4C29MalpwDC.jpg');
INSERT INTO people (id, name, profile_image) VALUES ('123', 'Tim Roth', 'qSizF2i9gz6c6DbAC5RoIq8sVqX.jpg');
INSERT INTO people (id, name, profile_image) VALUES ('124', 'Abigail Breslin', '1MQMfcb3fuN0lC1egdaOnHcTlm8.jpg');
INSERT INTO people (id, name, profile_image) VALUES ('125', 'Matt Hookings', 'iPmO808tQE0Pm52vQFhevRGZIEn.jpg');
INSERT INTO people (id, name, profile_image) VALUES ('126', 'Lucky Ali', '6jVOyyw9LqFeS8N8gYgCKI2Rj6Q.jpg');
INSERT INTO people (id, name, profile_image) VALUES ('127', 'Joe Azzopardi', 'pImRPY1hkIXU7oLZO1znJOdoDDg.jpg');
INSERT INTO people (id, name, profile_image) VALUES ('128', 'Kirsty Bartolo', NULL);
INSERT INTO people (id, name, profile_image) VALUES ('129', 'Marc Cabourdin', 'pHdQEE0ekaeQnUYXuzCRQNYGpP2.jpg');
INSERT INTO people (id, name, profile_image) VALUES ('130', 'Myles Clohessy', '7qhWkGv1W4taPFBVZ43U0snlrDm.jpg');
INSERT INTO people (id, name, profile_image) VALUES ('131', 'Kim DeLonghi', '2eSJYs4rcliLsBAGEFuAEeLzfx3.jpg');
INSERT INTO people (id, name, profile_image) VALUES ('132', 'Jordan Dykstra', NULL);
INSERT INTO people (id, name, profile_image) VALUES ('133', 'Roel Reiné', 'nOc53uSl8bBNfkuLGlXnOZwbYdu.jpg');
INSERT INTO people (id, name, profile_image) VALUES ('134', 'Bob DeRosa', NULL);
INSERT INTO people (id, name, profile_image) VALUES ('135', 'Ellen S. Wander', NULL);
INSERT INTO people (id, name, profile_image) VALUES ('136', 'Gabriel Georgiev', NULL);
INSERT INTO people (id, name, profile_image) VALUES ('137', 'Gary Michael Walters', 'tz0JL10EVQiGUSqtveiRDJjq6c2.jpg');
INSERT INTO collections (id, name, overview, poster) VALUES ('0', 'Venom', 'Venom è un personaggio immaginario dei fumetti della Marvel Comics, rivale/alleato ed ex nemico giurato dell''Uomo Ragno. Venne ideato negli anni ottanta da David Michelinie e dal disegnatore Todd McFarlane. Venom è un simbionte alieno, ovvero una sorta di parassita extraterrestre che per sopravvivere necessita di attaccarsi ad un altro organismo vivente (si è unito a svariati personaggi tra cui: Peter Parker, Mac Gargan, Flash Thompson e, ovviamente, il suo ospite più famoso, Eddie Brock). Nato inizialmente come un feroce e violento supercattivo, nel corso dei suoi anni editoriali è divenuto un antieroe che non uccide per divertimento, ma segue una logica ferrea quanto distorta nel tentativo di difendere gli innocenti dalle ingiustizie.', '4bXIKqdZIjR8wKgZaGDaLhLj4yF.jpg');
INSERT INTO collections (id, name, overview, poster) VALUES ('1', 'Il robot selvaggio', NULL, 'cioNnsPSHJH9gsUSETPFHh0m6MT.jpg');
INSERT INTO collections (id, name, overview, poster) VALUES ('2', 'Terrifier', 'Film del franchise horror creato da Damien Leone con protagonista Art the Clown.', '4xIzrMcEvCzJm5qAl92WMHLSIeM.jpg');
INSERT INTO collections (id, name, overview, poster) VALUES ('3', 'Il gladiatore', NULL, 'r7uyUOB6fmmPumWwHiV7Hn2kUbL.jpg');
INSERT INTO collections (id, name, overview, poster) VALUES ('4', 'Smile', NULL, 'dwYTcIIQR2QWJYnyv7NZczcCCbv.jpg');
INSERT INTO collections (id, name, overview, poster) VALUES ('5', 'Wicked Collection', NULL, 'b9xo966oVIrFtpevhLQ9XILcXTh.jpg');
INSERT INTO movies (id, title, original_title, runtime, poster, overview, status, release_date, budget, revenue, collection_id, original_language) VALUES ('0', 'Venom: The Last Dance', 'Venom: The Last Dance', '109', '37POW7X4SIbdfbqWznG3ceU5DTQ.jpg', 'In Venom: The Last Dance, Tom Hardy torna a interpretare Venom, uno dei più celebri e complessi personaggi della Marvel. Nel film conclusivo della trilogia, Eddie e Venom sono in fuga. Mentre il cerchio si stringe attorno a loro, i due protagonisti sono costretti a prendere una decisione sconvolgente che farà calare il sipario sul loro “ultimo ballo”.', 'Rilasciato', '2024-10-22', '120000000', '438325476', '558216', 'en');
INSERT INTO movies (id, title, original_title, runtime, poster, overview, status, release_date, budget, revenue, collection_id, original_language) VALUES ('1', 'Il robot selvaggio', 'The Wild Robot', '102', 'j48mq3yF4Ghi8CclXqqZMWVByk1.jpg', 'L''epica avventura segue il viaggio di un robot - l''unità ROZZUM 7134, abbreviato ""Roz"" - che dopo un naufragio si ritrova su un''isola disabitata dove dovrà imparare ad adattarsi all’ostile ambiente circostante, costruendo gradualmente relazioni con gli altri animali dell’isola e adottando un''ochetta orfana.', 'Rilasciato', '2024-09-12', '78000000', '308583746', '1370345', 'en');
INSERT INTO movies (id, title, original_title, runtime, poster, overview, status, release_date, budget, revenue, collection_id, original_language) VALUES ('2', 'Terrifier 3', 'Terrifier 3', '125', 'h24qwvXSXIAVXsbftPhNtYEkoLg.jpg', 'Quando gli abitanti di Miles County si coricano nelle loro case alla Vigilia di Natale, non hanno idea che a scendere dal camino stavolta sarà Art il Clown. Il folle killer ha preso il posto di Babbo Natale e le sue povere vittime sono ignare che, invece dei giocattoli, saranno loro a riempire il sacco dei regali.', 'Rilasciato', '2024-10-09', '2000000', '86813848', '727761', 'en');
INSERT INTO movies (id, title, original_title, runtime, poster, overview, status, release_date, budget, revenue, collection_id, original_language) VALUES ('3', 'Il gladiatore II', 'Gladiator II', '148', 'v1ffLD5yQqpJW1VXYy1n6sp5wgX.jpg', 'Anni dopo aver assistito alla tragica morte del venerato eroe Massimo per mano del suo perfido zio, Lucio (Paul Mescal) si trova costretto a combattere nel Colosseo dopo che la sua patria viene conquistata da parte di due tirannici imperatori, che ora governano Roma.  Con il cuoreardente di rabbia e il destino dell''Impero appeso a un filo, Lucio deve affrontare pericoli e nemici, riscoprendo nel suo passato la forza e l''onore necessari per riportare la gloria di Roma al suo popolo. Preparatevi per un viaggio epico di coraggio e vendetta nella sanguinosa arena del Colosseo.', 'Rilasciato', '2024-11-13', '310000000', '98901925', '1069584', 'en');
INSERT INTO movies (id, title, original_title, runtime, poster, overview, status, release_date, budget, revenue, collection_id, original_language) VALUES ('4', 'Smile 2', 'Smile 2', '127', 'pGWPldQcP9cw0Wo3EVLNSLTBVX0.jpg', 'Sul punto di iniziare un nuovo tour mondiale, la star internazionale del pop Skye Riley (Naomi Scott) inizia a vivere esperienze sempre più terrificanti e incomprensibili. Schiacciata dalle crescenti angosce e dalle pressioni della notorietà, Skye è costretta a confrontarsi con il suo passato oscuro per riprendere in mano la sua vita prima che vada in pezzi.', 'Rilasciato', '2024-10-16', '28000000', '132416306', '1100788', 'en');
INSERT INTO movies (id, title, original_title, runtime, poster, overview, status, release_date, budget, revenue, collection_id, original_language) VALUES ('5', 'Levels', 'Levels', '92', '2ZdnmSCPm3ZcLc0CcTYqRvoyJLE.jpg', NULL, 'Rilasciato', '2024-11-01', NULL, NULL, NULL, 'en');
INSERT INTO movies (id, title, original_title, runtime, poster, overview, status, release_date, budget, revenue, collection_id, original_language) VALUES ('6', 'Wicked', 'Wicked', '161', '3al2ouBCaZN5UcCNr8HKSiNji28.jpg', 'La storia ruota attorno all’amicizia tra le due streghe. Elphaba, soprannominata ingiustamente Malvagia Strega dell’Ovest, è in realtà una donna rivoluzionaria e anticonformista con la pelle verde che sfida lo strapotere del Mago di Oz, imbroglione dalle mire imperialiste. Glinda è invece la Strega Buona del Nord, amica di Elphaba dai tempi dell’Università di Shiz.', 'Rilasciato', '2024-11-20', '145000000', NULL, '968080', 'en');
INSERT INTO movies (id, title, original_title, runtime, poster, overview, status, release_date, budget, revenue, collection_id, original_language) VALUES ('7', 'The Substance', 'The Substance', '141', 'fE4dIJMT2A6KsfRhgEEhMYcruS.jpg', 'Hai mai sognato una versione migliore di te? Tu. Semplicemente, migliore, in ogni senso. Davvero. Devi provare questo nuovo prodotto. Si chiama “la sostanza”. HA CAMBIATO LA MIA VITA. Genera un altro te. Un te nuovo, più giovane, più bello, più perfetto. E c’è solo una regola: vi dovete dividere il tempo. Una settimana sta a te. Quella dopo sta al nuovo te. Sette giorni a testa. Un equilibrio perfetto. Facile, no? Se rispetti l’equilibrio… cosa può andare storto?', 'Rilasciato', '2024-09-07', '17500000', '46818041', NULL, 'en');
INSERT INTO movies (id, title, original_title, runtime, poster, overview, status, release_date, budget, revenue, collection_id, original_language) VALUES ('8', 'Transformers One', 'Transformers One', '104', '41caGYMJKZMjlwFXwsIxL1UtUN.jpg', 'La storia inedita delle origini di Optimus Prime e Megatron, meglio conosciuti come nemici giurati, ma un tempo amici legati come fratelli che hanno cambiato per sempre il destino di Cybertron.', 'Rilasciato', '2024-09-11', '75000000', '124530200', NULL, 'en');
INSERT INTO movies (id, title, original_title, runtime, poster, overview, status, release_date, budget, revenue, collection_id, original_language) VALUES ('9', 'CIA - Un uomo nel mirino', 'Classified', '105', 'dAfwsVCHYCEJgKMcL4NEsnsDzCM.jpg', 'Un sicario professionista e di lungo corso al soldo della CIA lavora prendendo ordini esclusivamente attraverso la sezione degli annunci personali di vari quotidiani. Improvvisamente, però, grazie a un''osservazione della figlia il killer scopre che la divisione per la quale credeva di operare è stata chiusa diversi anni prima.', 'Rilasciato', '2024-09-19', NULL, NULL, NULL, 'en');
INSERT INTO movie_genres (movie_id, genre_name) VALUES ('0', 'Fantascienza');
INSERT INTO movie_genres (movie_id, genre_name) VALUES ('0', 'Azione');
INSERT INTO movie_genres (movie_id, genre_name) VALUES ('0', 'Avventura');
INSERT INTO movie_genres (movie_id, genre_name) VALUES ('1', 'Animazione');
INSERT INTO movie_genres (movie_id, genre_name) VALUES ('1', 'Fantascienza');
INSERT INTO movie_genres (movie_id, genre_name) VALUES ('1', 'Famiglia');
INSERT INTO movie_genres (movie_id, genre_name) VALUES ('2', 'Horror');
INSERT INTO movie_genres (movie_id, genre_name) VALUES ('2', 'Thriller');
INSERT INTO movie_genres (movie_id, genre_name) VALUES ('2', 'Mistero');
INSERT INTO movie_genres (movie_id, genre_name) VALUES ('3', 'Azione');
INSERT INTO movie_genres (movie_id, genre_name) VALUES ('3', 'Avventura');
INSERT INTO movie_genres (movie_id, genre_name) VALUES ('3', 'Dramma');
INSERT INTO movie_genres (movie_id, genre_name) VALUES ('4', 'Horror');
INSERT INTO movie_genres (movie_id, genre_name) VALUES ('4', 'Mistero');
INSERT INTO movie_genres (movie_id, genre_name) VALUES ('5', 'Azione');
INSERT INTO movie_genres (movie_id, genre_name) VALUES ('5', 'Fantascienza');
INSERT INTO movie_genres (movie_id, genre_name) VALUES ('5', 'Thriller');
INSERT INTO movie_genres (movie_id, genre_name) VALUES ('6', 'Dramma');
INSERT INTO movie_genres (movie_id, genre_name) VALUES ('6', 'Fantasy');
INSERT INTO movie_genres (movie_id, genre_name) VALUES ('6', 'Romance');
INSERT INTO movie_genres (movie_id, genre_name) VALUES ('7', 'Dramma');
INSERT INTO movie_genres (movie_id, genre_name) VALUES ('7', 'Horror');
INSERT INTO movie_genres (movie_id, genre_name) VALUES ('7', 'Fantascienza');
INSERT INTO movie_genres (movie_id, genre_name) VALUES ('8', 'Animazione');
INSERT INTO movie_genres (movie_id, genre_name) VALUES ('8', 'Fantascienza');
INSERT INTO movie_genres (movie_id, genre_name) VALUES ('8', 'Avventura');
INSERT INTO movie_genres (movie_id, genre_name) VALUES ('8', 'Famiglia');
INSERT INTO movie_genres (movie_id, genre_name) VALUES ('9', 'Azione');
INSERT INTO movie_genres (movie_id, genre_name) VALUES ('9', 'Thriller');
INSERT INTO cast (movie_id, person_id, character) VALUES ('0', '0', 'Eddie Brock / Venom');
INSERT INTO cast (movie_id, person_id, character) VALUES ('0', '1', 'General Rex Strickland');
INSERT INTO cast (movie_id, person_id, character) VALUES ('0', '2', 'Dr. Teddy Paine');
INSERT INTO cast (movie_id, person_id, character) VALUES ('0', '3', 'Sadie Christmas');
INSERT INTO cast (movie_id, person_id, character) VALUES ('0', '4', 'Martin Moon');
INSERT INTO cast (movie_id, person_id, character) VALUES ('0', '5', 'Detective Mulligan');
INSERT INTO cast (movie_id, person_id, character) VALUES ('0', '6', 'Mrs. Chen');
INSERT INTO cast (movie_id, person_id, character) VALUES ('0', '7', 'Nova Moon');
INSERT INTO cast (movie_id, person_id, character) VALUES ('0', '8', 'Echo Moon');
INSERT INTO cast (movie_id, person_id, character) VALUES ('0', '9', 'Leaf Moon');
INSERT INTO cast (movie_id, person_id, character) VALUES ('1', '15', 'Roz / Rummage (voice)');
INSERT INTO cast (movie_id, person_id, character) VALUES ('1', '16', 'Fink (voice)');
INSERT INTO cast (movie_id, person_id, character) VALUES ('1', '17', 'Brightbill (voice)');
INSERT INTO cast (movie_id, person_id, character) VALUES ('1', '18', 'Longneck (voice)');
INSERT INTO cast (movie_id, person_id, character) VALUES ('1', '19', 'Vontra (voice)');
INSERT INTO cast (movie_id, person_id, character) VALUES ('1', '20', 'Paddler (voice)');
INSERT INTO cast (movie_id, person_id, character) VALUES ('1', '21', 'Thunderbolt (voice)');
INSERT INTO cast (movie_id, person_id, character) VALUES ('1', '22', 'Thorn (voice)');
INSERT INTO cast (movie_id, person_id, character) VALUES ('1', '23', 'Pinktail (voice)');
INSERT INTO cast (movie_id, person_id, character) VALUES ('1', '24', 'Baby Brightbill (voice)');
INSERT INTO cast (movie_id, person_id, character) VALUES ('2', '27', 'Sienna Shaw');
INSERT INTO cast (movie_id, person_id, character) VALUES ('2', '28', 'Art the Clown');
INSERT INTO cast (movie_id, person_id, character) VALUES ('2', '29', 'Victoria Heyes');
INSERT INTO cast (movie_id, person_id, character) VALUES ('2', '30', 'Jonathan Shaw');
INSERT INTO cast (movie_id, person_id, character) VALUES ('2', '31', 'Jessica');
INSERT INTO cast (movie_id, person_id, character) VALUES ('2', '32', 'Greg');
INSERT INTO cast (movie_id, person_id, character) VALUES ('2', '33', 'Mia');
INSERT INTO cast (movie_id, person_id, character) VALUES ('2', '34', 'Gabby');
INSERT INTO cast (movie_id, person_id, character) VALUES ('2', '35', 'Cole');
INSERT INTO cast (movie_id, person_id, character) VALUES ('2', '36', 'Jennifer');
INSERT INTO cast (movie_id, person_id, character) VALUES ('3', '39', 'Lucius Verus / Hanno');
INSERT INTO cast (movie_id, person_id, character) VALUES ('3', '40', 'Macrinus');
INSERT INTO cast (movie_id, person_id, character) VALUES ('3', '16', 'General Acacius');
INSERT INTO cast (movie_id, person_id, character) VALUES ('3', '41', 'Lucilla');
INSERT INTO cast (movie_id, person_id, character) VALUES ('3', '42', 'Emperor Geta');
INSERT INTO cast (movie_id, person_id, character) VALUES ('3', '43', 'Emperor Caracalla');
INSERT INTO cast (movie_id, person_id, character) VALUES ('3', '44', 'Viggo');
INSERT INTO cast (movie_id, person_id, character) VALUES ('3', '45', 'Gracchus');
INSERT INTO cast (movie_id, person_id, character) VALUES ('3', '46', 'Jugurtha');
INSERT INTO cast (movie_id, person_id, character) VALUES ('3', '47', 'Master of Ceremonies');
INSERT INTO cast (movie_id, person_id, character) VALUES ('4', '53', 'Skye Riley');
INSERT INTO cast (movie_id, person_id, character) VALUES ('4', '54', 'Elizabeth Riley');
INSERT INTO cast (movie_id, person_id, character) VALUES ('4', '55', 'Lewis');
INSERT INTO cast (movie_id, person_id, character) VALUES ('4', '56', 'Joshua');
INSERT INTO cast (movie_id, person_id, character) VALUES ('4', '57', 'Morris');
INSERT INTO cast (movie_id, person_id, character) VALUES ('4', '58', 'Paul Hudson');
INSERT INTO cast (movie_id, person_id, character) VALUES ('4', '59', 'Gemma');
INSERT INTO cast (movie_id, person_id, character) VALUES ('4', '60', 'Darius');
INSERT INTO cast (movie_id, person_id, character) VALUES ('4', '61', 'Joel');
INSERT INTO cast (movie_id, person_id, character) VALUES ('4', '62', 'Drew Barrymore');
INSERT INTO cast (movie_id, person_id, character) VALUES ('5', '68', 'Ash');
INSERT INTO cast (movie_id, person_id, character) VALUES ('5', '69', 'Joe');
INSERT INTO cast (movie_id, person_id, character) VALUES ('5', '70', 'Hunter');
INSERT INTO cast (movie_id, person_id, character) VALUES ('5', '71', 'Oliver');
INSERT INTO cast (movie_id, person_id, character) VALUES ('5', '72', 'MEL');
INSERT INTO cast (movie_id, person_id, character) VALUES ('5', '73', 'Geddes');
INSERT INTO cast (movie_id, person_id, character) VALUES ('5', '74', 'Maxine');
INSERT INTO cast (movie_id, person_id, character) VALUES ('5', '75', 'Bellamy');
INSERT INTO cast (movie_id, person_id, character) VALUES ('5', '76', 'Reid');
INSERT INTO cast (movie_id, person_id, character) VALUES ('5', '77', 'Walker');
INSERT INTO cast (movie_id, person_id, character) VALUES ('6', '79', 'Elphaba');
INSERT INTO cast (movie_id, person_id, character) VALUES ('6', '80', 'Galinda / Glinda');
INSERT INTO cast (movie_id, person_id, character) VALUES ('6', '81', 'Fiyero');
INSERT INTO cast (movie_id, person_id, character) VALUES ('6', '82', 'Madame Morrible');
INSERT INTO cast (movie_id, person_id, character) VALUES ('6', '83', 'The Wonderful Wizard of Oz');
INSERT INTO cast (movie_id, person_id, character) VALUES ('6', '84', 'Boq');
INSERT INTO cast (movie_id, person_id, character) VALUES ('6', '85', 'Nessarose');
INSERT INTO cast (movie_id, person_id, character) VALUES ('6', '86', 'Pfannee');
INSERT INTO cast (movie_id, person_id, character) VALUES ('6', '87', 'ShenShen');
INSERT INTO cast (movie_id, person_id, character) VALUES ('6', '88', 'Miss Coddle');
INSERT INTO cast (movie_id, person_id, character) VALUES ('7', '92', 'Elisabeth');
INSERT INTO cast (movie_id, person_id, character) VALUES ('7', '93', 'Sue');
INSERT INTO cast (movie_id, person_id, character) VALUES ('7', '94', 'Harvey');
INSERT INTO cast (movie_id, person_id, character) VALUES ('7', '95', 'Fred');
INSERT INTO cast (movie_id, person_id, character) VALUES ('7', '96', 'Oliver');
INSERT INTO cast (movie_id, person_id, character) VALUES ('7', '97', 'Troy');
INSERT INTO cast (movie_id, person_id, character) VALUES ('7', '98', 'Man at Diner');
INSERT INTO cast (movie_id, person_id, character) VALUES ('7', '99', 'Male Nurse');
INSERT INTO cast (movie_id, person_id, character) VALUES ('7', '100', 'Doctor');
INSERT INTO cast (movie_id, person_id, character) VALUES ('7', '101', 'Diego - Boyfriend');
INSERT INTO cast (movie_id, person_id, character) VALUES ('8', '105', 'Orion Pax / Optimus Prime (voice)');
INSERT INTO cast (movie_id, person_id, character) VALUES ('8', '106', 'D-16 / Megatron (voice)');
INSERT INTO cast (movie_id, person_id, character) VALUES ('8', '107', 'Elita-1 (voice)');
INSERT INTO cast (movie_id, person_id, character) VALUES ('8', '108', 'B-127 (voice)');
INSERT INTO cast (movie_id, person_id, character) VALUES ('8', '109', 'Sentinel Prime (voice)');
INSERT INTO cast (movie_id, person_id, character) VALUES ('8', '110', 'Starscream (voice)');
INSERT INTO cast (movie_id, person_id, character) VALUES ('8', '111', 'Alpha Trion (voice)');
INSERT INTO cast (movie_id, person_id, character) VALUES ('8', '112', 'Airachnid (voice)');
INSERT INTO cast (movie_id, person_id, character) VALUES ('8', '113', 'Soundwave (voice)');
INSERT INTO cast (movie_id, person_id, character) VALUES ('8', '114', 'Shockwave / Guard 2 (voice)');
INSERT INTO cast (movie_id, person_id, character) VALUES ('9', '122', 'Evan Shaw');
INSERT INTO cast (movie_id, person_id, character) VALUES ('9', '123', 'Kevin Angler');
INSERT INTO cast (movie_id, person_id, character) VALUES ('9', '124', 'Kacey Walker');
INSERT INTO cast (movie_id, person_id, character) VALUES ('9', '125', 'Antonio Griffin');
INSERT INTO cast (movie_id, person_id, character) VALUES ('9', '126', 'Luca');
INSERT INTO cast (movie_id, person_id, character) VALUES ('9', '127', 'Barman');
INSERT INTO cast (movie_id, person_id, character) VALUES ('9', '128', 'Tourist');
INSERT INTO cast (movie_id, person_id, character) VALUES ('9', '129', 'Last Guard Griffin');
INSERT INTO cast (movie_id, person_id, character) VALUES ('9', '130', 'Tanner');
INSERT INTO cast (movie_id, person_id, character) VALUES ('9', '131', 'Liona');
INSERT INTO crew (movie_id, person_id, role) VALUES ('0', '10', 'Producer');
INSERT INTO crew (movie_id, person_id, role) VALUES ('0', '11', 'Producer');
INSERT INTO crew (movie_id, person_id, role) VALUES ('0', '12', 'Producer');
INSERT INTO crew (movie_id, person_id, role) VALUES ('0', '13', 'Producer');
INSERT INTO crew (movie_id, person_id, role) VALUES ('0', '12', 'Director');
INSERT INTO crew (movie_id, person_id, role) VALUES ('0', '0', 'Producer');
INSERT INTO crew (movie_id, person_id, role) VALUES ('0', '14', 'Producer');
INSERT INTO crew (movie_id, person_id, role) VALUES ('1', '25', 'Director');
INSERT INTO crew (movie_id, person_id, role) VALUES ('1', '26', 'Producer');
INSERT INTO crew (movie_id, person_id, role) VALUES ('2', '37', 'Producer');
INSERT INTO crew (movie_id, person_id, role) VALUES ('2', '38', 'Director');
INSERT INTO crew (movie_id, person_id, role) VALUES ('2', '38', 'Writer');
INSERT INTO crew (movie_id, person_id, role) VALUES ('3', '48', 'Producer');
INSERT INTO crew (movie_id, person_id, role) VALUES ('3', '49', 'Producer');
INSERT INTO crew (movie_id, person_id, role) VALUES ('3', '50', 'Director');
INSERT INTO crew (movie_id, person_id, role) VALUES ('3', '50', 'Producer');
INSERT INTO crew (movie_id, person_id, role) VALUES ('3', '51', 'Producer');
INSERT INTO crew (movie_id, person_id, role) VALUES ('3', '52', 'Producer');
INSERT INTO crew (movie_id, person_id, role) VALUES ('4', '63', 'Director');
INSERT INTO crew (movie_id, person_id, role) VALUES ('4', '63', 'Writer');
INSERT INTO crew (movie_id, person_id, role) VALUES ('4', '64', 'Producer');
INSERT INTO crew (movie_id, person_id, role) VALUES ('4', '65', 'Producer');
INSERT INTO crew (movie_id, person_id, role) VALUES ('4', '66', 'Producer');
INSERT INTO crew (movie_id, person_id, role) VALUES ('4', '67', 'Producer');
INSERT INTO crew (movie_id, person_id, role) VALUES ('4', '63', 'Producer');
INSERT INTO crew (movie_id, person_id, role) VALUES ('5', '78', 'Director');
INSERT INTO crew (movie_id, person_id, role) VALUES ('5', '78', 'Writer');
INSERT INTO crew (movie_id, person_id, role) VALUES ('6', '89', 'Producer');
INSERT INTO crew (movie_id, person_id, role) VALUES ('6', '90', 'Producer');
INSERT INTO crew (movie_id, person_id, role) VALUES ('6', '91', 'Director');
INSERT INTO crew (movie_id, person_id, role) VALUES ('7', '102', 'Director');
INSERT INTO crew (movie_id, person_id, role) VALUES ('7', '102', 'Producer');
INSERT INTO crew (movie_id, person_id, role) VALUES ('7', '103', 'Producer');
INSERT INTO crew (movie_id, person_id, role) VALUES ('7', '104', 'Producer');
INSERT INTO crew (movie_id, person_id, role) VALUES ('7', '102', 'Writer');
INSERT INTO crew (movie_id, person_id, role) VALUES ('8', '115', 'Producer');
INSERT INTO crew (movie_id, person_id, role) VALUES ('8', '116', 'Producer');
INSERT INTO crew (movie_id, person_id, role) VALUES ('8', '117', 'Producer');
INSERT INTO crew (movie_id, person_id, role) VALUES ('8', '118', 'Producer');
INSERT INTO crew (movie_id, person_id, role) VALUES ('8', '119', 'Producer');
INSERT INTO crew (movie_id, person_id, role) VALUES ('8', '120', 'Director');
INSERT INTO crew (movie_id, person_id, role) VALUES ('8', '121', 'Producer');
INSERT INTO crew (movie_id, person_id, role) VALUES ('9', '132', 'Producer');
INSERT INTO crew (movie_id, person_id, role) VALUES ('9', '133', 'Director');
INSERT INTO crew (movie_id, person_id, role) VALUES ('9', '134', 'Writer');
INSERT INTO crew (movie_id, person_id, role) VALUES ('9', '135', 'Producer');
INSERT INTO crew (movie_id, person_id, role) VALUES ('9', '136', 'Producer');
INSERT INTO crew (movie_id, person_id, role) VALUES ('9', '137', 'Producer');
